{"nose": [[674.4042358398438, 473.7735290527344], [675.501708984375, 471.8336486816406], [677.5039672851562, 472.57110595703125], [676.1544799804688, 472.0531005859375], [676.3477172851562, 470.4443359375], [676.397705078125, 468.46514892578125], [676.8201904296875, 468.69891357421875], [676.0873413085938, 467.6388244628906], [675.0601806640625, 465.2289123535156], [672.023193359375, 471.6715393066406], [672.3931274414062, 463.99365234375], [670.3659057617188, 457.9365234375], [669.1192016601562, 457.0545349121094], [666.75927734375, 455.852294921875], [666.8413696289062, 461.847412109375], [665.6002807617188, 451.13897705078125], [665.7938842773438, 456.7998962402344], [663.6221923828125, 450.7879638671875], [660.8567504882812, 450.0425720214844], [662.9182739257812, 446.6832275390625], [662.8755493164062, 447.03839111328125], [661.967041015625, 446.00006103515625], [660.673095703125, 445.689208984375], [658.5740966796875, 442.07537841796875], [658.739990234375, 441.8229675292969], [660.799560546875, 436.831298828125]], "left_eye": [[690.2466430664062, 466.57257080078125], [692.7621459960938, 463.1921691894531], [691.9055786132812, 458.18115234375], [693.435302734375, 461.9725036621094], [693.6384887695312, 458.9309997558594], [690.7936401367188, 452.63470458984375], [691.2057495117188, 451.4265441894531], [690.4905395507812, 451.80194091796875], [689.4647827148438, 449.4023742675781], [686.3952026367188, 450.070556640625], [686.791015625, 445.27630615234375], [684.749755859375, 440.6637268066406], [683.5252075195312, 438.3470458984375], [681.1752319335938, 437.1396179199219], [678.3638916015625, 440.2488098144531], [677.1283569335938, 432.43426513671875], [677.32421875, 432.339111328125], [676.5769653320312, 427.74896240234375], [676.69580078125, 427.0096740722656], [675.8580932617188, 426.5332336425781], [674.37890625, 425.4479675292969], [673.4926147460938, 422.97265625], [670.7438354492188, 422.6654052734375], [672.9920043945312, 429.11566162109375], [671.6947021484375, 418.7959899902344], [670.8687744140625, 416.6671447753906]], "right_eye": [[681.6053466796875, 444.9697265625], [681.2551879882812, 443.02862548828125], [681.824462890625, 440.9131774902344], [681.914794921875, 441.81134033203125], [680.67041015625, 440.2218322753906], [679.2769165039062, 439.6824951171875], [679.697265625, 438.4723205566406], [678.968017578125, 437.4047546386719], [676.5006103515625, 436.4533996582031], [676.3348388671875, 431.3497009277344], [675.2726440429688, 432.31817626953125], [671.8043212890625, 426.26971435546875], [672.0004272460938, 423.9566650390625], [668.2008666992188, 422.7452392578125], [668.2816772460938, 418.6501770019531], [667.041259765625, 419.48486328125], [665.7938842773438, 415.0726623535156], [663.6221923828125, 409.02978515625], [660.8567504882812, 408.29541015625], [661.4805297851562, 410.7010498046875], [659.999755859375, 405.2969055175781], [657.64501953125, 402.82366943359375], [659.234375, 403.9585876464844], [657.13232421875, 410.39605712890625], [657.3005981445312, 407.2825012207031], [659.361083984375, 405.144775390625]], "left_ear": [[626.876953125, 383.04144287109375], [626.5971069335938, 386.8587951660156], [627.0985717773438, 381.91424560546875], [625.7522583007812, 381.3278503417969], [624.4754638671875, 381.2159118652344], [624.5722045898438, 384.9953918457031], [620.7162475585938, 385.2159118652344], [621.3551025390625, 384.1352233886719], [620.32275390625, 378.9023132324219], [620.2838134765625, 383.8275146484375], [619.1207275390625, 380.485595703125], [618.5844116210938, 378.76947021484375], [611.4951171875, 379.3465270996094], [610.5368041992188, 378.12274169921875], [607.788330078125, 375.4530029296875], [607.9596557617188, 373.4425354003906], [606.700927734375, 370.4676513671875], [606.0452880859375, 371.5914611816406], [607.5797729492188, 370.86688232421875], [602.532470703125, 370.40093994140625], [602.4827270507812, 370.7523193359375], [598.5765380859375, 369.7218017578125], [597.3711547851562, 370.8618469238281], [595.1353759765625, 370.07696533203125], [593.9666137695312, 369.8636169433594], [594.6303100585938, 369.1374206542969]], "right_ear": [[628.3171997070312, 385.92181396484375], [626.5971069335938, 388.299072265625], [627.0985717773438, 383.3532409667969], [625.7522583007812, 384.2080383300781], [624.4754638671875, 385.5334167480469], [624.5722045898438, 387.8736572265625], [622.15478515625, 386.6552734375], [622.79541015625, 385.5749206542969], [620.32275390625, 383.2186279296875], [620.2838134765625, 383.8275146484375], [619.1207275390625, 381.9253845214844], [615.7076416015625, 381.64825439453125], [612.9357299804688, 380.7855529785156], [611.9783935546875, 379.5621643066406], [609.2286376953125, 375.4530029296875], [607.9596557617188, 374.88134765625], [605.2596435546875, 371.9065246582031], [606.0452880859375, 374.4712829589844], [606.1398315429688, 372.3064270019531], [602.532470703125, 371.8402404785156], [602.4827270507812, 372.1916809082031], [600.0172729492188, 371.1610412597656], [597.3711547851562, 372.3008117675781], [595.1353759765625, 377.27685546875], [595.406005859375, 372.74200439453125], [594.6303100585938, 370.57769775390625]], "left_shoulder": [[563.5072021484375, 492.4960632324219], [564.7471923828125, 490.5569763183594], [562.2916259765625, 494.1561279296875], [562.3892822265625, 493.6543273925781], [563.957763671875, 510.7410888671875], [564.1091918945312, 510.2000732421875], [563.173828125, 507.56170654296875], [559.4212646484375, 490.6742858886719], [562.7044067382812, 485.3717956542969], [561.3583984375, 496.15264892578125], [557.209716796875, 487.0303649902344], [558.172607421875, 502.5580139160156], [555.3116455078125, 500.2257080078125], [552.8726806640625, 499.0353698730469], [553.0562133789062, 490.6455383300781], [553.2010498046875, 498.6201477050781], [554.8143920898438, 504.28265380859375], [555.6655883789062, 499.74578857421875], [555.7427368164062, 498.9875793457031], [555.0864868164062, 495.61907958984375], [552.1553955078125, 495.97662353515625], [553.9150390625, 494.9332580566406], [554.2108154296875, 494.61480712890625], [548.9981079101562, 486.7143249511719], [549.344970703125, 489.3161926269531], [557.2302856445312, 498.76397705078125]], "right_shoulder": [[523.1810302734375, 447.85009765625], [523.034423828125, 447.3493957519531], [520.5271606445312, 446.6691589355469], [520.62744140625, 447.5716857910156], [522.1718139648438, 445.9784851074219], [522.3609008789062, 445.4389953613281], [520.0169677734375, 445.6691589355469], [520.5325317382812, 447.4827880859375], [518.0501708984375, 446.52484130859375], [515.3678588867188, 450.070556640625], [514.0159301757812, 452.4753112792969], [515.021240234375, 452.17889404296875], [510.6529846191406, 451.2983703613281], [511.06622314453125, 450.09454345703125], [512.7273559570312, 446.0084533691406], [511.41162109375, 448.2613525390625], [511.5757141113281, 452.4833068847656], [512.4829711914062, 452.2278747558594], [511.1052551269531, 451.4821472167969], [510.5159912109375, 448.1225280761719], [509.0176696777344, 448.4777526855469], [509.2535400390625, 447.43927001953125], [509.61175537109375, 447.1282043457031], [508.6280212402344, 450.71514892578125], [511.92034912109375, 446.1405334472656], [508.32257080078125, 451.2342529296875]],