{"nose": [[995.7088012695312, 1277.48193359375], [995.7299194335938, 1277.5037841796875], [989.3761596679688, 1274.210693359375], [989.2476806640625, 1274.205322265625], [995.7494506835938, 1277.8299560546875], [995.7080078125, 1277.6015625]], "left_eye": [[994.3109130859375, 1264.6715087890625], [994.3348999023438, 1264.7139892578125], [1003.2788696289062, 1236.1856689453125], [1003.167724609375, 1236.102294921875], [1009.780517578125, 1236.6910400390625], [1009.720458984375, 1236.4404296875]], "right_eye": [[994.3109130859375, 1258.97802734375], [994.3348999023438, 1259.0296630859375], [1000.4983520507812, 1254.4940185546875], [1000.3836669921875, 1254.4482421875], [1006.9743041992188, 1250.876953125], [994.3067016601562, 1259.1500244140625]], "left_ear": [[994.3109130859375, 1263.248046875], [994.3348999023438, 1259.0296630859375], [987.9859008789062, 1258.718994140625], [987.8556518554688, 1258.681884765625], [994.3462524414062, 1263.6441650390625], [994.3067016601562, 1263.4080810546875]], "right_ear": [[976.1385498046875, 1273.2117919921875], [976.199951171875, 1273.240478515625], [969.9122924804688, 1269.9857177734375], [969.7596435546875, 1269.9716796875], [978.912109375, 1269.3184814453125], [976.0904541015625, 1273.343505859375]], "left_shoulder": [[1006.891845703125, 1268.941650390625], [1006.8898315429688, 1268.977294921875], [1000.4983520507812, 1265.7607421875], [1000.3836669921875, 1265.7379150390625], [1001.3618774414062, 1269.3184814453125], [1006.91796875, 1269.08544921875]], "right_shoulder": [[981.7300415039062, 1273.2117919921875], [981.7799072265625, 1273.240478515625], [975.473388671875, 1248.8607177734375], [975.32763671875, 1248.8033447265625], [981.7183227539062, 1273.57421875], [981.6954345703125, 1273.343505859375]], "left_elbow": [[981.7300415039062, 1264.6715087890625], [981.7799072265625, 1264.7139892578125], [986.5955200195312, 1240.41064453125], [986.4636840820312, 1240.3360595703125], [981.7183227539062, 1265.062744140625], [981.6954345703125, 1264.827392578125]], "right_elbow": [[1008.2896728515625, 1273.2117919921875], [1008.2848510742188, 1273.240478515625], [1001.8886108398438, 1269.9857177734375], [1001.7756958007812, 1269.9716796875], [1008.3773193359375, 1273.57421875], [1008.3191528320312, 1273.343505859375]], "left_wrist": [[985.9237060546875, 1237.6273193359375], [985.9649658203125, 1237.713134765625], [985.2052612304688, 1233.3690185546875], [985.0717163085938, 1233.2799072265625], [985.9275512695312, 1238.109619140625], [985.8992309570312, 1237.85986328125]], "right_wrist": [[992.9130249023438, 1250.437744140625], [992.93994140625, 1259.0296630859375], [986.5955200195312, 1258.718994140625], [986.4636840820312, 1258.681884765625], [992.9432373046875, 1250.876953125], [992.9054565429688, 1250.6339111328125]], "left_hip": [[992.9130249023438, 1278.9052734375], [992.93994140625, 1278.9248046875], [974.0831298828125, 1275.6190185546875], [973.9356689453125, 1275.616455078125], [992.9432373046875, 1279.24853515625], [992.9054565429688, 1279.0208740234375]], "right_hip": [[990.1172485351562, 1280.32861328125], [990.14990234375, 1280.345947265625], [986.5955200195312, 1277.02734375], [986.4636840820312, 1277.02783203125], [990.136962890625, 1280.667236328125], [990.1029052734375, 1280.4403076171875]], "left_knee": [[992.9130249023438, 1241.8974609375], [992.93994140625, 1254.7662353515625], [986.5955200195312, 1254.4940185546875], [986.4636840820312, 1254.4482421875], [992.9432373046875, 1242.3653564453125], [992.9054565429688, 1254.8919677734375]], "right_knee": [[976.1385498046875, 1278.9052734375], [976.199951171875, 1278.9248046875], [969.9122924804688, 1275.6190185546875], [969.7596435546875, 1275.616455078125], [976.1058959960938, 1279.24853515625], [976.0904541015625, 1279.0208740234375]], "left_ankle": [[992.9130249023438, 1254.707763671875], [992.93994140625, 1254.7662353515625], [986.5955200195312, 1250.26904296875], [986.4636840820312, 1250.214599609375], [992.9432373046875, 1255.132568359375], [992.9054565429688, 1254.8919677734375]], "right_ankle": [[992.9130249023438, 1241.8974609375], [992.93994140625, 1241.9764404296875], [1003.2788696289062, 1253.085693359375], [1003.167724609375, 1265.7379150390625], [992.9432373046875, 1242.3653564453125], [992.9054565429688, 1242.1177978515625]]}