{"skeletons": {"nose": [[200.0259552001953, 153.40138244628906], [215.97091674804688, 157.9070587158203], [219.0126953125, 162.89903259277344], [222.0926055908203, 143.7978057861328], [236.5333251953125, 93.16580200195312], [236.7469024658203, 56.38188171386719], [194.1001434326172, 77.94406127929688], [242.1455078125, 104.22447204589844], [254.99305725097656, 116.01944732666016], [259.5068664550781, 108.00968170166016], [251.86712646484375, 116.41311645507812], [250.23362731933594, 137.5400390625], [249.51211547851562, 130.58177185058594], [240.06886291503906, 138.9603271484375], [235.5247802734375, 138.77011108398438], [237.7429656982422, 139.7202606201172], [240.4287109375, 128.3403778076172], [234.2236328125, 127.15161895751953], [243.17076110839844, 125.5740966796875], [226.8962860107422, 122.8260498046875], [220.27438354492188, 135.4249267578125], [218.66111755371094, 118.39881896972656], [228.35800170898438, 122.77883911132812], [214.32916259765625, 111.28739166259766], [217.17234802246094, 105.02173614501953], [219.6287078857422, 108.96900939941406], [215.12063598632812, 107.18122100830078]], "left_eye": [[213.8419952392578, 137.26963806152344], [230.57029724121094, 134.86949157714844], [233.61001586914062, 136.03152465820312], [238.2177276611328, 118.4685287475586], [250.3553924560547, 82.41749572753906], [255.17340087890625, 56.38188171386719], [253.9687957763672, 77.94406127929688], [254.4316864013672, 88.86133575439453], [268.05645751953125, 103.72862243652344], [271.0198974609375, 94.95114135742188], [266.458984375, 107.97026062011719], [265.6012268066406, 117.578369140625], [264.11297607421875, 115.99333953857422], [255.42446899414062, 118.9891357421875], [250.11224365234375, 117.27545928955078], [252.3401641845703, 124.36688995361328], [255.77935791015625, 112.98529815673828], [250.35072326660156, 109.4881362915039], [258.52069091796875, 106.38057708740234], [242.25714111328125, 104.4065933227539], [245.6186065673828, 107.78006744384766], [237.10354614257812, 96.12430572509766], [242.1946563720703, 105.88629913330078], [231.23883056640625, 92.85482025146484], [233.30686950683594, 89.67276763916016], [234.9879913330078, 94.38671875], [232.7805938720703, 86.44982147216797]], "right_eye": [[176.99920654296875, 123.44242095947266], [202.9083251953125, 129.4940643310547], [202.8788299560547, 124.51687622070312], [207.5032196044922, 113.09564971923828], [220.40756225585938, 69.36598205566406], [221.3915252685547, 56.38188171386719], [211.7537078857422, 77.94406127929688], [224.48411560058594, 85.02055358886719], [239.62432861328125, 103.72862243652344], [241.08596801757812, 77.28369903564453], [237.27520751953125, 94.92220306396484], [238.70791625976562, 116.81062316894531], [234.9112548828125, 113.6899185180664], [227.01661682128906, 117.45288848876953], [220.93734741210938, 116.50779724121094], [223.9140625, 122.06388092041016], [224.31048583984375, 114.52082061767578], [220.400390625, 111.79206848144531], [229.35581970214844, 107.1483154296875], [210.76736450195312, 105.17406463623047], [210.29031372070312, 116.22709655761719], [210.20831298828125, 96.12430572509766], [215.29000854492188, 105.88629913330078], [204.33709716796875, 91.31877136230469], [204.11106872558594, 89.67276763916016], [206.5733184814453, 93.61923217773438], [204.37109375, 87.98548126220703]], "left_ear": [[174.696533203125, 95.01981353759766], [179.85665893554688, 92.63395690917969], [186.74496459960938, 67.71131896972656], [192.14596557617188, 89.3014907836914], [204.2818145751953, 77.81108093261719], [201.42947387695312, 56.38188171386719], [196.4027862548828, 77.94406127929688], [210.66217041015625, 76.57083129882812], [224.255615234375, 89.90142822265625], [224.2001495361328, 90.34223937988281], [221.1473388671875, 79.57154846191406], [218.72999572753906, 86.1003646850586], [218.77346801757812, 86.0486831665039], [208.58993530273438, 69.06114959716797], [203.27883911132812, 79.65985107421875], [281.5345458984375, 93.66012573242188], [284.94561767578125, 109.14653015136719], [283.3728942871094, 97.96846771240234], [290.7555847167969, 94.09672546386719], [275.28302001953125, 92.8944320678711], [276.3388671875, 105.47632598876953], [278.5989990234375, 93.05195617675781], [275.24896240234375, 95.90434265136719], [275.05029296875, 79.79841613769531], [269.41748046875, 79.69593048095703], [268.7784423828125, 86.71183776855469], [270.4040222167969, 81.84284973144531]], "right_ear": [[258.3603515625, 91.94709777832031], [262.8426208496094, 84.18685150146484], [269.7191467285156, 97.6493911743164], [275.8429870605469, 88.53394317626953], [281.07110595703125, 80.88202667236328], [277.438720703125, 56.38188171386719], [283.1356201171875, 77.94406127929688], [286.68292236328125, 77.3389892578125], [298.7939147949219, 99.88773345947266], [297.8836975097656, 92.64668273925781], [300.2507629394531, 81.8741455078125], [302.4835510253906, 86.1003646850586], [297.1570129394531, 85.28087615966797], [287.6711730957031, 73.66988372802734], [280.82269287109375, 84.26583862304688], [283.07110595703125, 78.30674743652344], [286.480712890625, 88.41719055175781], [284.9088134765625, 90.2886962890625], [292.2905578613281, 83.34835815429688], [277.5871276855469, 82.917236328125], [279.410888671875, 94.72554016113281], [282.4411926269531, 87.67534637451172], [280.6299133300781, 86.69022369384766], [281.1992492675781, 74.42224884033203], [280.173828125, 74.32379150390625], [277.2260437011719, 81.33940887451172], [279.617919921875, 70.32540893554688]], "left_shoulder": [[168.55606079101562, 206.4057159423828], [172.941162109375, 207.0538787841797], [185.20838928222656, 213.56344604492188], [189.84237670898438, 205.96963500976562], [190.45974731445312, 196.81021118164062], [183.7707977294922, 190.70713806152344], [187.1922149658203, 194.64219665527344], [199.14385986328125, 196.40328979492188], [209.6553192138672, 206.66433715820312], [211.15203857421875, 202.49208068847656], [208.09141540527344, 193.16639709472656], [334.75555419921875, 220.45773315429688], [209.5518798828125, 206.5951385498047], [314.5434265136719, 203.48265075683594], [303.8554992675781, 199.4156951904297], [312.2654724121094, 205.73980712890625], [317.9495544433594, 196.67044067382812], [317.16302490234375, 193.96568298339844], [323.7579650878906, 192.36752319335938], [314.4532165527344, 189.5965576171875], [311.6671447753906, 193.78628540039062], [313.947021484375, 176.00534057617188], [206.0655517578125, 194.95603942871094], [206.64295959472656, 182.71360778808594], [204.87939453125, 181.7666015625], [205.0373992919922, 182.64797973632812], [206.674560546875, 177.821533203125]], "right_shoulder": [[295.9707336425781, 221.0010986328125], [302.7987976074219, 222.41224670410156], [304.291748046875, 229.6839599609375], [309.6289367675781, 218.25048828125], [309.4831237792969, 206.0230255126953], [310.4528503417969, 208.36131286621094], [307.6971130371094, 209.22946166992188], [316.6304626464844, 209.46197509765625], [323.38385009765625, 222.0278778076172], [323.2124328613281, 216.31875610351562], [327.1305847167969, 207.74951171875], [214.88809204101562, 206.63812255859375], [211.08880615234375, 208.13076782226562], [313.7756652832031, 202.71453857421875], [303.0877380371094, 198.6480255126953], [203.1707000732422, 203.43679809570312], [210.49488830566406, 196.67044067382812], [210.4169464111328, 196.2696075439453], [214.00587463378906, 190.83204650878906], [203.08692932128906, 190.36402893066406], [202.6102294921875, 197.62586975097656], [207.90301513671875, 189.06280517578125], [206.0655517578125, 195.72389221191406], [207.4115753173828, 182.71360778808594], [203.3427734375, 181.7666015625], [204.26942443847656, 184.18295288085938], [200.53195190429688, 179.357177734375]],